{"cameraMode":{"drawMode":0,"name":"Shaded","section":"Shading Mode"},"sceneLighting":false,"audioPlay":false,"sceneViewState":{"m_AlwaysRefresh":false,"showFog":true,"showSkybox":false,"showFlares":true,"showImageEffects":true,"showParticleSystems":true,"showVisualEffectGraphs":true,"m_FxEnabled":true},"in2DMode":false,"pivot":{"x":-0.3619265556335449,"y":2.3498401641845705,"z":-0.3775458335876465},"rotation":{"x":0.04074820876121521,"y":-0.9222990274429321,"z":0.10140170156955719,"w":0.370727002620697},"size":3.3645193576812746,"orthographic":false}