{"cameraMode":{"drawMode":0,"name":"Shaded","section":"Shading Mode"},"sceneLighting":false,"audioPlay":false,"sceneViewState":{"m_AlwaysRefresh":false,"showFog":true,"showSkybox":false,"showFlares":true,"showImageEffects":true,"showParticleSystems":true,"showVisualEffectGraphs":true,"m_FxEnabled":true},"in2DMode":false,"pivot":{"x":3.192964553833008,"y":15.601240158081055,"z":0.34122276306152346},"rotation":{"x":-0.10029275715351105,"y":-0.3371144235134125,"z":0.036143988370895389,"w":-0.9354113936424255},"size":10.486519813537598,"orthographic":false}