{"cameraMode":{"drawMode":0,"name":"Shaded","section":"Shading Mode"},"sceneLighting":false,"audioPlay":false,"sceneViewState":{"m_AlwaysRefresh":false,"showFog":true,"showSkybox":false,"showFlares":true,"showImageEffects":true,"showParticleSystems":true,"showVisualEffectGraphs":true,"m_FxEnabled":true},"in2DMode":false,"pivot":{"x":-0.001559615135192871,"y":1.9696323871612549,"z":0.022055208683013917},"rotation":{"x":-0.1538851112127304,"y":0.48103779554367068,"z":-0.08619830012321472,"w":-0.8587762117385864},"size":2.55080246925354,"orthographic":false}