{"cameraMode":{"drawMode":0,"name":"Shaded","section":"Shading Mode"},"sceneLighting":false,"audioPlay":false,"sceneViewState":{"m_AlwaysRefresh":false,"showFog":true,"showSkybox":false,"showFlares":true,"showImageEffects":true,"showParticleSystems":true,"showVisualEffectGraphs":true,"m_FxEnabled":true},"in2DMode":false,"pivot":{"x":1.0699870586395264,"y":0.4987611770629883,"z":0.5154604911804199},"rotation":{"x":-0.1363019347190857,"y":0.27801764011383059,"z":-0.03988807275891304,"w":-0.9500224590301514},"size":4.107601165771484,"orthographic":true}