{"cameraMode":{"drawMode":0,"name":"Shaded","section":"Shading Mode"},"sceneLighting":false,"audioPlay":false,"sceneViewState":{"m_AlwaysRefresh":false,"showFog":true,"showSkybox":false,"showFlares":true,"showImageEffects":true,"showParticleSystems":true,"showVisualEffectGraphs":true,"m_FxEnabled":true},"in2DMode":false,"pivot":{"x":0.0014775991439819337,"y":0.024616971611976625,"z":-0.09153751283884049},"rotation":{"x":-0.2503500282764435,"y":-0.5147609114646912,"z":0.16025559604167939,"w":-0.8041556477546692},"size":0.15601640939712525,"orthographic":false}