{"cameraMode":{"drawMode":0,"name":"Shaded","section":"Shading Mode"},"sceneLighting":false,"audioPlay":false,"sceneViewState":{"m_AlwaysRefresh":false,"showFog":true,"showSkybox":false,"showFlares":true,"showImageEffects":true,"showParticleSystems":true,"showVisualEffectGraphs":true,"m_FxEnabled":true},"in2DMode":false,"pivot":{"x":0.03569626808166504,"y":-0.11818313598632813,"z":0.14999160170555116},"rotation":{"x":-0.12214559316635132,"y":0.8393534421920776,"z":-0.21102578938007356,"w":-0.4858332872390747},"size":0.7428693175315857,"orthographic":false}