{"cameraMode":{"drawMode":0,"name":"Shaded","section":"Shading Mode"},"sceneLighting":false,"audioPlay":false,"sceneViewState":{"m_AlwaysRefresh":false,"showFog":true,"showSkybox":false,"showFlares":true,"showImageEffects":true,"showParticleSystems":true,"showVisualEffectGraphs":true,"m_FxEnabled":true},"in2DMode":false,"pivot":{"x":0.2959234118461609,"y":0.8015065789222717,"z":0.280002236366272},"rotation":{"x":0.10047578811645508,"y":0.8587658405303955,"z":-0.18466468155384065,"w":0.4672531187534332},"size":0.8201261758804321,"orthographic":false}