{"cameraMode":{"drawMode":0,"name":"Shaded","section":"Shading Mode"},"sceneLighting":false,"audioPlay":false,"sceneViewState":{"m_AlwaysRefresh":false,"showFog":true,"showSkybox":false,"showFlares":true,"showImageEffects":true,"showParticleSystems":true,"showVisualEffectGraphs":true,"m_FxEnabled":true},"in2DMode":false,"pivot":{"x":-0.37204694747924807,"y":1.6230218410491944,"z":-0.38284826278686526},"rotation":{"x":-0.007712074089795351,"y":-0.918464720249176,"z":-0.017908446490764619,"w":0.3950432538986206},"size":3.0000171661376955,"orthographic":false}