{"cameraMode":{"drawMode":0,"name":"Shaded","section":"Shading Mode"},"sceneLighting":false,"audioPlay":false,"sceneViewState":{"m_AlwaysRefresh":false,"showFog":true,"showSkybox":false,"showFlares":true,"showImageEffects":true,"showParticleSystems":true,"showVisualEffectGraphs":true,"m_FxEnabled":true},"in2DMode":false,"pivot":{"x":0.5566673874855042,"y":1.1375453472137452,"z":0.07498329877853394},"rotation":{"x":0.004580856300890446,"y":-0.9686011075973511,"z":0.24816088378429414,"w":0.018032938241958619},"size":3.2666306495666506,"orthographic":true}