{"cameraMode":{"drawMode":0,"name":"Shaded","section":"Shading Mode"},"sceneLighting":false,"audioPlay":false,"sceneViewState":{"m_AlwaysRefresh":false,"showFog":true,"showSkybox":false,"showFlares":true,"showImageEffects":true,"showParticleSystems":true,"showVisualEffectGraphs":true,"m_FxEnabled":true},"in2DMode":false,"pivot":{"x":-0.005361080169677734,"y":0.0034990310668945314,"z":-0.031819820404052737},"rotation":{"x":0.04074820876121521,"y":-0.9222990274429321,"z":0.10140170156955719,"w":0.370727002620697},"size":1.9833414554595948,"orthographic":false}