{"cameraMode":{"drawMode":0,"name":"Shaded","section":"Shading Mode"},"sceneLighting":false,"audioPlay":false,"sceneViewState":{"m_AlwaysRefresh":false,"showFog":true,"showSkybox":false,"showFlares":true,"showImageEffects":true,"showParticleSystems":true,"showVisualEffectGraphs":true,"m_FxEnabled":true},"in2DMode":false,"pivot":{"x":1.4901161193847657e-8,"y":0.3417401611804962,"z":0.11479872465133667},"rotation":{"x":0.10047578811645508,"y":0.8587658405303955,"z":-0.18466468155384065,"w":0.4672531187534332},"size":0.7210968732833862,"orthographic":false}