{"cameraMode":{"drawMode":0,"name":"Shaded","section":"Shading Mode"},"sceneLighting":true,"audioPlay":false,"sceneViewState":{"m_AlwaysRefresh":false,"showFog":true,"showSkybox":true,"showFlares":true,"showImageEffects":true,"showParticleSystems":true,"showVisualEffectGraphs":true,"m_FxEnabled":true},"in2DMode":false,"pivot":{"x":641.274658203125,"y":910.6532592773438,"z":72.81195068359375},"rotation":{"x":-0.04829006642103195,"y":-0.005395860411226749,"z":0.00026028024149127305,"w":-0.9988234043121338},"size":341.73736572265627,"orthographic":false}