{"cameraMode":{"drawMode":0,"name":"Shaded","section":"Shading Mode"},"sceneLighting":true,"audioPlay":false,"sceneViewState":{"m_AlwaysRefresh":false,"showFog":true,"showSkybox":true,"showFlares":true,"showImageEffects":true,"showParticleSystems":true,"showVisualEffectGraphs":true,"m_FxEnabled":true},"in2DMode":false,"pivot":{"x":8.451873779296875,"y":10.973686218261719,"z":-15.826091766357422},"rotation":{"x":0.2675219476222992,"y":0.28041979670524599,"z":-0.08169850707054138,"w":0.9182207584381104},"size":12.124356269836426,"orthographic":true}