{"cameraMode":{"drawMode":0,"name":"Shaded","section":"Shading Mode"},"sceneLighting":true,"audioPlay":false,"sceneViewState":{"m_AlwaysRefresh":false,"showFog":true,"showSkybox":true,"showFlares":true,"showImageEffects":true,"showParticleSystems":true,"showVisualEffectGraphs":true,"m_FxEnabled":true},"in2DMode":false,"pivot":{"x":0.8145465850830078,"y":2.2838799953460695,"z":-0.6178566217422485},"rotation":{"x":0.00703282980248332,"y":-0.9768513441085815,"z":0.21159358322620393,"w":0.03285890817642212},"size":16.57261085510254,"orthographic":true}