{"cameraMode":{"drawMode":0,"name":"Shaded","section":"Shading Mode"},"sceneLighting":true,"audioPlay":false,"sceneViewState":{"m_AlwaysRefresh":false,"showFog":true,"showSkybox":true,"showFlares":true,"showImageEffects":true,"showParticleSystems":true,"showVisualEffectGraphs":true,"m_FxEnabled":true},"in2DMode":false,"pivot":{"x":16.952198028564454,"y":2.4230384826660158,"z":156.58055114746095},"rotation":{"x":0.2680433988571167,"y":0.6365473866462708,"z":-0.25166305899620058,"w":0.6779658794403076},"size":89.82477569580078,"orthographic":true}