{"cameraMode":{"drawMode":0,"name":"Shaded","section":"Shading Mode"},"sceneLighting":true,"audioPlay":false,"sceneViewState":{"m_AlwaysRefresh":false,"showFog":true,"showSkybox":true,"showFlares":true,"showImageEffects":true,"showParticleSystems":true,"showVisualEffectGraphs":true,"m_FxEnabled":true},"in2DMode":false,"pivot":{"x":1.361486792564392,"y":3.4637560844421388,"z":1.6415214538574219},"rotation":{"x":-0.2290937453508377,"y":0.10642952471971512,"z":-0.024947937577962877,"w":-0.9674234390258789},"size":5.896303653717041,"orthographic":false}