{"cameraMode":{"drawMode":0,"name":"Shaded","section":"Shading Mode"},"sceneLighting":true,"audioPlay":false,"sceneViewState":{"m_AlwaysRefresh":false,"showFog":true,"showSkybox":true,"showFlares":true,"showImageEffects":true,"showParticleSystems":true,"showVisualEffectGraphs":true,"m_FxEnabled":true},"in2DMode":false,"pivot":{"x":-8.476814270019532,"y":0.5613813400268555,"z":2.2147765159606935},"rotation":{"x":0.2900753617286682,"y":0.4082989990711212,"z":-0.13862520456314088,"w":0.8543639779090881},"size":3.6866023540496828,"orthographic":false}