{"cameraMode":{"drawMode":0,"name":"Shaded","section":"Shading Mode"},"sceneLighting":true,"audioPlay":false,"sceneViewState":{"m_AlwaysRefresh":false,"showFog":true,"showSkybox":true,"showFlares":true,"showImageEffects":true,"showParticleSystems":true,"showVisualEffectGraphs":true,"m_FxEnabled":true},"in2DMode":false,"pivot":{"x":-1.5933055877685547,"y":2.2818918228149416,"z":1.9587197303771973},"rotation":{"x":0.23931145668029786,"y":-0.4266192317008972,"z":0.11789171397686005,"w":0.8643875122070313},"size":4.094974517822266,"orthographic":false}