{"cameraMode":{"drawMode":0,"name":"Shaded","section":"Shading Mode"},"sceneLighting":true,"audioPlay":false,"sceneViewState":{"m_AlwaysRefresh":false,"showFog":true,"showSkybox":true,"showFlares":true,"showImageEffects":true,"showParticleSystems":true,"showVisualEffectGraphs":true,"m_FxEnabled":true},"in2DMode":false,"pivot":{"x":-7.360478401184082,"y":4.778885841369629,"z":10.425596237182618},"rotation":{"x":-0.13202881813049317,"y":-0.12451578676700592,"z":0.017053455114364625,"w":-0.9834251403808594},"size":6.236980438232422,"orthographic":false}