{"cameraMode":{"drawMode":0,"name":"Shaded","section":"Shading Mode"},"sceneLighting":true,"audioPlay":false,"sceneViewState":{"m_AlwaysRefresh":false,"showFog":true,"showSkybox":true,"showFlares":true,"showImageEffects":true,"showParticleSystems":true,"showVisualEffectGraphs":true,"m_FxEnabled":true},"in2DMode":false,"pivot":{"x":-9.219062805175782,"y":-0.16367530822753907,"z":64.91990661621094},"rotation":{"x":0.1804392784833908,"y":-0.47939833998680117,"z":0.10142850130796433,"w":0.8528379201889038},"size":37.97332000732422,"orthographic":true}