{"cameraMode":{"drawMode":0,"name":"Shaded","section":"Shading Mode"},"sceneLighting":true,"audioPlay":false,"sceneViewState":{"m_AlwaysRefresh":false,"showFog":true,"showSkybox":true,"showFlares":true,"showImageEffects":true,"showParticleSystems":true,"showVisualEffectGraphs":true,"m_FxEnabled":true},"in2DMode":false,"pivot":{"x":0.2365465760231018,"y":2.346590280532837,"z":-1.8323121070861817},"rotation":{"x":0.10115180164575577,"y":0.004477910231798887,"z":-0.0004441490164026618,"w":0.994876503944397},"size":5.3747735023498539,"orthographic":true}