{"cameraMode":{"drawMode":0,"name":"Shaded","section":"Shading Mode"},"sceneLighting":true,"audioPlay":false,"sceneViewState":{"m_AlwaysRefresh":false,"showFog":true,"showSkybox":true,"showFlares":true,"showImageEffects":true,"showParticleSystems":true,"showVisualEffectGraphs":true,"m_FxEnabled":true},"in2DMode":false,"pivot":{"x":-0.062486112117767337,"y":0.947954535484314,"z":-0.5261106491088867},"rotation":{"x":-0.3038298189640045,"y":0.18742848932743073,"z":-0.06085892394185066,"w":-0.932298481464386},"size":4.588076114654541,"orthographic":false}