{"cameraMode":{"drawMode":0,"name":"Shaded","section":"Shading Mode"},"sceneLighting":true,"audioPlay":false,"sceneViewState":{"m_AlwaysRefresh":false,"showFog":true,"showSkybox":true,"showFlares":true,"showImageEffects":true,"showParticleSystems":true,"showVisualEffectGraphs":true,"m_FxEnabled":true},"in2DMode":false,"pivot":{"x":-4.1398773193359379,"y":-3.0078325271606447,"z":57.225311279296878},"rotation":{"x":0.08704985678195954,"y":-0.9117110371589661,"z":0.3077068328857422,"w":0.25792163610458376},"size":14.17533016204834,"orthographic":true}