{"cameraMode":{"drawMode":0,"name":"Shaded","section":"Shading Mode"},"sceneLighting":true,"audioPlay":false,"sceneViewState":{"m_AlwaysRefresh":false,"showFog":true,"showSkybox":true,"showFlares":true,"showImageEffects":true,"showParticleSystems":true,"showVisualEffectGraphs":true,"m_FxEnabled":true},"in2DMode":false,"pivot":{"x":2.8183279037475588,"y":1.9339540004730225,"z":1.8295817375183106},"rotation":{"x":-0.10018371790647507,"y":0.058845944702625278,"z":-0.005684016738086939,"w":-0.9933685660362244},"size":4.390933036804199,"orthographic":false}