{"cameraMode":{"drawMode":0,"name":"Shaded","section":"Shading Mode"},"sceneLighting":true,"audioPlay":false,"sceneViewState":{"m_AlwaysRefresh":false,"showFog":true,"showSkybox":true,"showFlares":true,"showImageEffects":true,"showParticleSystems":true,"showVisualEffectGraphs":true,"m_FxEnabled":true},"in2DMode":false,"pivot":{"x":-0.0000027120113372802736,"y":1.228458285331726,"z":0.15597230195999146},"rotation":{"x":0.1362777203321457,"y":-0.84171062707901,"z":0.2492551952600479,"w":0.4594922959804535},"size":15.72376823425293,"orthographic":false}