{"cameraMode":{"drawMode":0,"name":"Shaded","section":"Shading Mode"},"sceneLighting":true,"audioPlay":false,"sceneViewState":{"m_AlwaysRefresh":false,"showFog":true,"showSkybox":true,"showFlares":true,"showImageEffects":true,"showParticleSystems":true,"showVisualEffectGraphs":true,"m_FxEnabled":true},"in2DMode":false,"pivot":{"x":0.062486112117767337,"y":0.947954535484314,"z":5.586110591888428},"rotation":{"x":-0.11514303833246231,"y":0.8466202616691589,"z":-0.4785231053829193,"w":-0.20330141484737397},"size":3.388076066970825,"orthographic":false}