{"cameraMode":{"drawMode":0,"name":"Shaded","section":"Shading Mode"},"sceneLighting":true,"audioPlay":false,"sceneViewState":{"m_AlwaysRefresh":false,"showFog":true,"showSkybox":true,"showFlares":true,"showImageEffects":true,"showParticleSystems":true,"showVisualEffectGraphs":true,"m_FxEnabled":true},"in2DMode":false,"pivot":{"x":0.3792596459388733,"y":-1.0741920471191407,"z":-3.295888900756836},"rotation":{"x":0.04601987823843956,"y":0.8995482325553894,"z":-0.09781409054994583,"w":0.42327046394348147},"size":3.041424512863159,"orthographic":true}