{"cameraMode":{"drawMode":0,"name":"Shaded","section":"Shading Mode"},"sceneLighting":true,"audioPlay":false,"sceneViewState":{"m_AlwaysRefresh":false,"showFog":true,"showSkybox":true,"showFlares":true,"showImageEffects":true,"showParticleSystems":true,"showVisualEffectGraphs":true,"m_FxEnabled":true},"in2DMode":false,"pivot":{"x":3.9824862480163576,"y":0.947954535484314,"z":5.586110591888428},"rotation":{"x":-0.09167636930942536,"y":-0.009860603138804436,"z":0.0009079477749764919,"w":-0.9957411885261536},"size":1.288076400756836,"orthographic":false}