{"cameraMode":{"drawMode":0,"name":"Shaded","section":"Shading Mode"},"sceneLighting":true,"audioPlay":false,"sceneViewState":{"m_AlwaysRefresh":false,"showFog":true,"showSkybox":true,"showFlares":true,"showImageEffects":true,"showParticleSystems":true,"showVisualEffectGraphs":true,"m_FxEnabled":true},"in2DMode":false,"pivot":{"x":-0.13594317436218263,"y":-0.5725433826446533,"z":0.09701263904571533},"rotation":{"x":0.1804392784833908,"y":-0.47939833998680117,"z":0.10142850130796433,"w":0.8528379201889038},"size":10.873555183410645,"orthographic":true}