{"cameraMode":{"drawMode":0,"name":"Shaded","section":"Shading Mode"},"sceneLighting":true,"audioPlay":false,"sceneViewState":{"m_AlwaysRefresh":false,"showFog":true,"showSkybox":true,"showFlares":true,"showImageEffects":true,"showParticleSystems":true,"showVisualEffectGraphs":true,"m_FxEnabled":true},"in2DMode":false,"pivot":{"x":0.8145465850830078,"y":2.2838799953460695,"z":-0.6178566217422485},"rotation":{"x":0.15055790543556214,"y":-0.6821481585502625,"z":0.14674769341945649,"w":0.7004364728927612},"size":12.926614761352539,"orthographic":true}