{"cameraMode":{"drawMode":0,"name":"Shaded","section":"Shading Mode"},"sceneLighting":true,"audioPlay":false,"sceneViewState":{"m_AlwaysRefresh":false,"showFog":true,"showSkybox":true,"showFlares":true,"showImageEffects":true,"showParticleSystems":true,"showVisualEffectGraphs":true,"m_FxEnabled":true},"in2DMode":false,"pivot":{"x":-10.444978713989258,"y":0.3046283721923828,"z":0.9381256103515625},"rotation":{"x":-0.37655600905418398,"y":-0.24106547236442567,"z":0.1021520122885704,"w":-0.8886336088180542},"size":12.990999221801758,"orthographic":false}