{"cameraMode":{"drawMode":0,"name":"Shaded","section":"Shading Mode"},"sceneLighting":true,"audioPlay":false,"sceneViewState":{"m_AlwaysRefresh":false,"showFog":true,"showSkybox":true,"showFlares":true,"showImageEffects":true,"showParticleSystems":true,"showVisualEffectGraphs":true,"m_FxEnabled":true},"in2DMode":false,"pivot":{"x":4.3712053298950199,"y":5.391114234924316,"z":-10.70602798461914},"rotation":{"x":0.13750961422920228,"y":0.027629952877759935,"z":-0.003835476003587246,"w":0.9901110529899597},"size":2.5790865421295168,"orthographic":true}