{"cameraMode":{"drawMode":0,"name":"Shaded","section":"Shading Mode"},"sceneLighting":true,"audioPlay":false,"sceneViewState":{"m_AlwaysRefresh":false,"showFog":true,"showSkybox":true,"showFlares":true,"showImageEffects":true,"showParticleSystems":true,"showVisualEffectGraphs":true,"m_FxEnabled":true},"in2DMode":false,"pivot":{"x":-0.15757805109024049,"y":2.0427513122558595,"z":-1.1833535432815552},"rotation":{"x":-0.3038298189640045,"y":0.18742848932743073,"z":-0.06085892394185066,"w":-0.932298481464386},"size":2.788076639175415,"orthographic":false}