{"cameraMode":{"drawMode":0,"name":"Shaded","section":"Shading Mode"},"sceneLighting":true,"audioPlay":false,"sceneViewState":{"m_AlwaysRefresh":false,"showFog":true,"showSkybox":true,"showFlares":true,"showImageEffects":true,"showParticleSystems":true,"showVisualEffectGraphs":true,"m_FxEnabled":true},"in2DMode":false,"pivot":{"x":1.8488667011260987,"y":0.9111193418502808,"z":4.789746284484863},"rotation":{"x":-0.05011498183012009,"y":-0.8687883019447327,"z":0.09036517143249512,"w":-0.48463961482048037},"size":1.9525482654571534,"orthographic":false}