{"cameraMode":{"drawMode":0,"name":"Shaded","section":"Shading Mode"},"sceneLighting":true,"audioPlay":false,"sceneViewState":{"m_AlwaysRefresh":false,"showFog":true,"showSkybox":true,"showFlares":true,"showImageEffects":true,"showParticleSystems":true,"showVisualEffectGraphs":true,"m_FxEnabled":true},"in2DMode":false,"pivot":{"x":2.8684566020965578,"y":2.0201640129089357,"z":5.275752067565918},"rotation":{"x":0.10875234007835388,"y":-0.6081357002258301,"z":0.0842738151550293,"w":0.7820329070091248},"size":0.8036219477653503,"orthographic":false}