{"cameraMode":{"drawMode":0,"name":"Shaded","section":"Shading Mode"},"sceneLighting":true,"audioPlay":false,"sceneViewState":{"m_AlwaysRefresh":false,"showFog":true,"showSkybox":true,"showFlares":true,"showImageEffects":true,"showParticleSystems":true,"showVisualEffectGraphs":true,"m_FxEnabled":true},"in2DMode":false,"pivot":{"x":0.000009357929229736328,"y":0.39830783009529116,"z":0.03910823166370392},"rotation":{"x":-0.17162032425403596,"y":0.8146802186965942,"z":-0.2996254861354828,"w":-0.46623069047927859},"size":0.5823342204093933,"orthographic":false}