{"cameraMode":{"drawMode":0,"name":"Shaded","section":"Shading Mode"},"sceneLighting":true,"audioPlay":false,"sceneViewState":{"m_AlwaysRefresh":false,"showFog":true,"showSkybox":true,"showFlares":true,"showImageEffects":true,"showParticleSystems":true,"showVisualEffectGraphs":true,"m_FxEnabled":true},"in2DMode":false,"pivot":{"x":3.489255428314209,"y":4.416714191436768,"z":-0.33463382720947268},"rotation":{"x":0.23379047214984895,"y":0.2712448537349701,"z":-0.06829680502414704,"w":0.9313505291938782},"size":5.055724620819092,"orthographic":false}