{"cameraMode":{"drawMode":0,"name":"Shaded","section":"Shading Mode"},"sceneLighting":true,"audioPlay":false,"sceneViewState":{"m_AlwaysRefresh":false,"showFog":true,"showSkybox":true,"showFlares":true,"showImageEffects":true,"showParticleSystems":true,"showVisualEffectGraphs":true,"m_FxEnabled":true},"in2DMode":false,"pivot":{"x":8.776924133300782,"y":1.7240114212036133,"z":-12.326803207397461},"rotation":{"x":0.045290473848581317,"y":-0.8971952795982361,"z":0.09486567974090576,"w":0.42910364270210268},"size":6.0943827629089359,"orthographic":true}