{"cameraMode":{"drawMode":0,"name":"Shaded","section":"Shading Mode"},"sceneLighting":true,"audioPlay":false,"sceneViewState":{"m_AlwaysRefresh":false,"showFog":true,"showSkybox":true,"showFlares":true,"showImageEffects":true,"showParticleSystems":true,"showVisualEffectGraphs":true,"m_FxEnabled":true},"in2DMode":false,"pivot":{"x":13.575698852539063,"y":1.1375453472137452,"z":-0.6250168085098267},"rotation":{"x":0.06479695439338684,"y":-0.9327901601791382,"z":0.21382130682468415,"w":0.2830623984336853},"size":13.360456466674805,"orthographic":true}