{"cameraMode":{"drawMode":0,"name":"Shaded","section":"Shading Mode"},"sceneLighting":true,"audioPlay":false,"sceneViewState":{"m_AlwaysRefresh":false,"showFog":true,"showSkybox":true,"showFlares":true,"showImageEffects":true,"showParticleSystems":true,"showVisualEffectGraphs":true,"m_FxEnabled":true},"in2DMode":false,"pivot":{"x":15.190267562866211,"y":2.670891284942627,"z":19.59012794494629},"rotation":{"x":0.20310646295547486,"y":-0.18870791792869569,"z":0.039928220212459567,"w":0.9599753618240356},"size":38.34882354736328,"orthographic":true}