{"cameraMode":{"drawMode":0,"name":"Shaded","section":"Shading Mode"},"sceneLighting":true,"audioPlay":false,"sceneViewState":{"m_AlwaysRefresh":false,"showFog":true,"showSkybox":true,"showFlares":true,"showImageEffects":true,"showParticleSystems":true,"showVisualEffectGraphs":true,"m_FxEnabled":true},"in2DMode":false,"pivot":{"x":-0.2727028429508209,"y":2.4907827377319338,"z":6.273365020751953},"rotation":{"x":-0.12699782848358155,"y":0.8336726427078247,"z":-0.21492382884025575,"w":-0.4926145672798157},"size":14.082186698913575,"orthographic":false}