{"cameraMode":{"drawMode":0,"name":"Shaded","section":"Shading Mode"},"sceneLighting":false,"audioPlay":false,"sceneViewState":{"m_AlwaysRefresh":false,"showFog":true,"showSkybox":false,"showFlares":true,"showImageEffects":true,"showParticleSystems":true,"showVisualEffectGraphs":true,"m_FxEnabled":true},"in2DMode":false,"pivot":{"x":0.9915838241577148,"y":0.7421712875366211,"z":1.0122737884521485},"rotation":{"x":0.47148826718330386,"y":0.3096015453338623,"z":-0.1811906397342682,"w":0.8056221008300781},"size":15.809531211853028,"orthographic":true}