{"cameraMode":{"drawMode":0,"name":"Shaded","section":"Shading Mode"},"sceneLighting":false,"audioPlay":false,"sceneViewState":{"m_AlwaysRefresh":false,"showFog":true,"showSkybox":false,"showFlares":true,"showImageEffects":true,"showParticleSystems":true,"showVisualEffectGraphs":true,"m_FxEnabled":true},"in2DMode":false,"pivot":{"x":-0.18699264526367188,"y":0.8196184635162354,"z":-0.5087857246398926},"rotation":{"x":0.03849833458662033,"y":-0.9164834022521973,"z":0.09103388339281082,"w":0.38769280910491946},"size":5.669334411621094,"orthographic":false}