{"cameraMode":{"drawMode":0,"name":"Shaded","section":"Shading Mode"},"sceneLighting":false,"audioPlay":false,"sceneViewState":{"m_AlwaysRefresh":false,"showFog":true,"showSkybox":false,"showFlares":true,"showImageEffects":true,"showParticleSystems":true,"showVisualEffectGraphs":true,"m_FxEnabled":true},"in2DMode":false,"pivot":{"x":-5.066394805908203e-7,"y":0.03372252732515335,"z":0.07968902587890625},"rotation":{"x":-0.12549614906311036,"y":0.4973312020301819,"z":-0.07265449315309525,"w":-0.8555575013160706},"size":1.3327503204345704,"orthographic":false}