{"cameraMode":{"drawMode":0,"name":"Shaded","section":"Shading Mode"},"sceneLighting":false,"audioPlay":false,"sceneViewState":{"m_AlwaysRefresh":false,"showFog":true,"showSkybox":false,"showFlares":true,"showImageEffects":true,"showParticleSystems":true,"showVisualEffectGraphs":true,"m_FxEnabled":true},"in2DMode":false,"pivot":{"x":0.012398988008499146,"y":0.17206361889839173,"z":-0.014184951782226563},"rotation":{"x":0.10047578811645508,"y":0.8587658405303955,"z":-0.18466468155384065,"w":0.4672531187534332},"size":0.26903241872787478,"orthographic":false}