{"cameraMode":{"drawMode":0,"name":"Shaded","section":"Shading Mode"},"sceneLighting":false,"audioPlay":false,"sceneViewState":{"m_AlwaysRefresh":false,"showFog":true,"showSkybox":false,"showFlares":true,"showImageEffects":true,"showParticleSystems":true,"showVisualEffectGraphs":true,"m_FxEnabled":true},"in2DMode":false,"pivot":{"x":0.09887099266052246,"y":-0.005116164684295654,"z":0.04461050033569336},"rotation":{"x":0.47148826718330386,"y":0.3096015453338623,"z":-0.1811906397342682,"w":0.8056221008300781},"size":3.431349039077759,"orthographic":true}