{"cameraMode":{"drawMode":0,"name":"Shaded","section":"Shading Mode"},"sceneLighting":false,"audioPlay":false,"sceneViewState":{"m_AlwaysRefresh":false,"showFog":true,"showSkybox":false,"showFlares":true,"showImageEffects":true,"showParticleSystems":true,"showVisualEffectGraphs":true,"m_FxEnabled":true},"in2DMode":false,"pivot":{"x":638.535888671875,"y":897.0639038085938,"z":126.41326904296875},"rotation":{"x":-0.1316186636686325,"y":-0.0003040191368199885,"z":0.00002298614344908856,"w":-0.9913094639778137},"size":379.09454345703127,"orthographic":false}