{"cameraMode":{"drawMode":0,"name":"Shaded","section":"Shading Mode"},"sceneLighting":false,"audioPlay":false,"sceneViewState":{"m_AlwaysRefresh":false,"showFog":true,"showSkybox":false,"showFlares":true,"showImageEffects":true,"showParticleSystems":true,"showVisualEffectGraphs":true,"m_FxEnabled":true},"in2DMode":false,"pivot":{"x":2.1690826416015627,"y":0.0247171800583601,"z":-0.8675387501716614},"rotation":{"x":0.029893824830651284,"y":0.9701830744743347,"z":-0.16903305053710938,"w":0.1714291274547577},"size":2.6612486839294435,"orthographic":false}