{"cameraMode":{"drawMode":0,"name":"Shaded","section":"Shading Mode"},"sceneLighting":false,"audioPlay":false,"sceneViewState":{"m_AlwaysRefresh":false,"showFog":true,"showSkybox":false,"showFlares":true,"showImageEffects":true,"showParticleSystems":true,"showVisualEffectGraphs":true,"m_FxEnabled":true},"in2DMode":false,"pivot":{"x":-1.1598737239837647,"y":-0.5184835195541382,"z":-0.2511025369167328},"rotation":{"x":0.24232138693332673,"y":-0.7260262370109558,"z":0.31280606985092165,"w":0.5624359250068665},"size":1.3088722229003907,"orthographic":false}