{"cameraMode":{"drawMode":0,"name":"Shaded","section":"Shading Mode"},"sceneLighting":true,"audioPlay":false,"sceneViewState":{"m_AlwaysRefresh":false,"showFog":true,"showSkybox":false,"showFlares":true,"showImageEffects":true,"showParticleSystems":true,"showVisualEffectGraphs":true,"m_FxEnabled":true},"in2DMode":false,"pivot":{"x":-0.1374419927597046,"y":0.4578700065612793,"z":-0.036538004875183108},"rotation":{"x":-0.005254335701465607,"y":0.92982417345047,"z":-0.3679545521736145,"w":-0.014409988187253476},"size":0.6700357794761658,"orthographic":false}