{"cameraMode":{"drawMode":0,"name":"Shaded","section":"Shading Mode"},"sceneLighting":false,"audioPlay":false,"sceneViewState":{"m_AlwaysRefresh":false,"showFog":true,"showSkybox":false,"showFlares":true,"showImageEffects":true,"showParticleSystems":true,"showVisualEffectGraphs":true,"m_FxEnabled":true},"in2DMode":false,"pivot":{"x":-0.018079161643981935,"y":-0.00047291815280914307,"z":-0.0085868239402771},"rotation":{"x":0.03849833458662033,"y":-0.9164834022521973,"z":0.09103388339281082,"w":0.38769280910491946},"size":0.8944298624992371,"orthographic":false}