{"cameraMode":{"drawMode":0,"name":"Shaded","section":"Shading Mode"},"sceneLighting":false,"audioPlay":false,"sceneViewState":{"m_AlwaysRefresh":false,"showFog":true,"showSkybox":false,"showFlares":true,"showImageEffects":true,"showParticleSystems":true,"showVisualEffectGraphs":true,"m_FxEnabled":true},"in2DMode":false,"pivot":{"x":2.6956987380981447,"y":-5.372918128967285,"z":-1.0481849908828736},"rotation":{"x":0.001340304734185338,"y":-0.9629266858100891,"z":0.26993241906166079,"w":0.004927078261971474},"size":1.5456920862197877,"orthographic":true}